Generation,evals,avg,std,min,max,best_individual,fitness_best_individual
0,500,[  7.626     673.3571516],[ 0.50805905 44.244941  ],[  7.        553.2835535],[  9.         789.52568887],"[12, 15, 25, 24, 21, 22, 11, 5, 6, 20, 16, 3, 10, 1, 19, 13, 18, 17, 9, 8, 7, 14, 4, 2, 23]","(7.0, 563.3745404248668)"
1,426,[  7.424      629.02892495],[ 0.49419025 24.41093061],[  7.        553.2835535],[  8.         664.16789701],"[12, 15, 25, 24, 21, 22, 11, 5, 6, 20, 16, 3, 10, 1, 19, 13, 18, 17, 9, 8, 7, 14, 4, 2, 23]","(7.0, 563.3745404248668)"
2,414,[  7.386      604.19666439],[ 0.48683057 18.52138435],[  7.         533.82738366],[  8.         628.58161483],"[19, 11, 18, 2, 20, 23, 10, 15, 5, 1, 4, 3, 9, 17, 7, 8, 13, 16, 12, 14, 22, 6, 25, 24, 21]","(7.0, 542.1906869892807)"
3,416,[  7.372      586.11254612],[ 0.48333839 16.71079788],[  7.         505.36291534],[  8.         606.79262318],"[2, 4, 1, 6, 10, 16, 19, 22, 24, 11, 5, 8, 21, 13, 20, 15, 18, 23, 3, 12, 14, 17, 9, 25, 7]","(7.0, 505.3629153371163)"
4,414,[  7.374      570.00455552],[ 0.48386362 12.37209872],[  7.         505.36291534],[  8.         586.86890226],"[2, 4, 1, 6, 10, 16, 19, 22, 24, 11, 5, 8, 21, 13, 20, 15, 18, 23, 3, 12, 14, 17, 9, 25, 7]","(7.0, 505.3629153371163)"
5,406,[  7.284      558.44872919],[ 0.4509368  11.31256642],[  7.         495.85582355],[  8.         571.35481324],"[9, 11, 18, 2, 20, 23, 10, 8, 5, 1, 4, 3, 19, 17, 7, 15, 13, 16, 12, 14, 22, 6, 25, 24, 21]","(7.0, 495.85582354792143)"
6,408,[  7.264      549.17707144],[ 0.44079927 11.75452715],[  7.         495.85582355],[  8.         562.47179648],"[9, 11, 18, 2, 20, 23, 10, 8, 5, 1, 4, 3, 19, 17, 7, 15, 13, 16, 12, 14, 22, 6, 25, 24, 21]","(7.0, 495.85582354792143)"
7,386,[  7.21       538.99926955],[ 0.40730824 12.07496456],[  7.         494.93430292],[  8.         551.76437043],"[7, 2, 21, 20, 19, 14, 12, 11, 13, 16, 6, 4, 9, 1, 3, 5, 10, 17, 15, 18, 25, 23, 8, 24, 22]","(7.0, 494.9343029238333)"
8,418,[  7.254      529.40647437],[ 0.4352976  13.34990649],[  7.         494.02814881],[  8.         542.24851186],"[7, 2, 11, 13, 19, 14, 12, 21, 20, 16, 6, 4, 9, 1, 3, 5, 10, 17, 15, 18, 25, 23, 8, 24, 22]","(7.0, 494.0281488062034)"
9,394,[  7.086    517.993699],[ 0.28036405 12.68031236],[  7.         494.02814881],[  8.         532.90928956],"[7, 2, 11, 13, 19, 14, 12, 21, 20, 16, 6, 4, 9, 1, 3, 5, 10, 17, 15, 18, 25, 23, 8, 24, 22]","(7.0, 494.0281488062034)"
10,382,[  7.058      505.78698054],[0.23374345 7.45393952],[  7.         485.61765128],[  8.         522.93997855],"[2, 4, 1, 6, 10, 16, 19, 22, 24, 11, 5, 8, 7, 13, 20, 15, 18, 23, 3, 12, 14, 17, 9, 25, 21]","(7.0, 485.61765128215933)"
11,410,[  7.008      499.91180275],[0.08908423 4.29977534],[  7.         479.35731526],[  8.         505.36291534],"[9, 11, 18, 2, 20, 23, 10, 8, 5, 1, 4, 3, 19, 17, 22, 15, 13, 16, 12, 14, 7, 6, 25, 24, 21]","(7.0, 479.35731526119605)"
12,382,[  7.006      495.67140241],[0.07722694 3.22386155],[  7.         455.38108442],[  8.        500.7814642],"[9, 11, 7, 2, 20, 23, 10, 8, 5, 1, 4, 3, 19, 17, 18, 15, 13, 16, 12, 14, 22, 6, 25, 24, 21]","(7.0, 455.3810844222053)"
13,388,[  7.012      493.76337179],[0.10888526 4.11025117],[  7.         455.38108442],[  8.         495.85582355],"[9, 11, 7, 2, 20, 23, 10, 8, 5, 1, 4, 3, 19, 17, 18, 15, 13, 16, 12, 14, 22, 6, 25, 24, 21]","(7.0, 455.3810844222053)"
14,384,[  7.022      491.82796724],[0.14668333 5.61380819],[  7.         455.38108442],[  8.         494.93430292],"[9, 11, 7, 2, 20, 23, 10, 8, 5, 1, 4, 3, 19, 17, 18, 15, 13, 16, 12, 14, 22, 6, 25, 24, 21]","(7.0, 455.3810844222053)"
15,394,[  7.018      488.25277246],[0.13295112 7.40064811],[  7.         455.38108442],[  8.         494.02814881],"[9, 11, 7, 2, 20, 23, 10, 8, 5, 1, 4, 3, 19, 17, 18, 15, 13, 16, 12, 14, 22, 6, 25, 24, 21]","(7.0, 455.3810844222053)"
16,400,[  7.022      482.52996422],[0.14668333 8.28700077],[  7.         452.03258479],[  8.         491.65092504],"[9, 11, 7, 2, 20, 23, 10, 6, 5, 1, 4, 3, 19, 15, 18, 17, 13, 16, 12, 14, 22, 8, 25, 24, 21]","(7.0, 452.03258478830963)"
17,420,[  7.         476.86515258],[0.         9.08869144],[  7.         452.03258479],[  7.         485.61765128],"[9, 11, 7, 2, 20, 23, 10, 6, 5, 1, 4, 3, 19, 15, 18, 17, 13, 16, 12, 14, 22, 8, 25, 24, 21]","(7.0, 452.03258478830963)"
18,382,[  7.         469.34174837],[0.         8.96491165],[  7.         452.03258479],[  7.         479.35731526],"[9, 11, 7, 2, 20, 23, 10, 6, 5, 1, 4, 3, 19, 15, 18, 17, 13, 16, 12, 14, 22, 8, 25, 24, 21]","(7.0, 452.03258478830963)"
19,404,[  7.         462.09690375],[0.         7.64273654],[  7.         452.03258479],[  7.        472.3164443],"[9, 11, 7, 2, 20, 23, 10, 6, 5, 1, 4, 3, 19, 15, 18, 17, 13, 16, 12, 14, 22, 8, 25, 24, 21]","(7.0, 452.03258478830963)"
20,390,[  7.        455.0710689],[0.         0.97935001],[  7.         448.42812763],[  7.         455.38108442],"[9, 11, 7, 22, 20, 23, 10, 8, 5, 1, 4, 3, 19, 17, 18, 15, 13, 16, 12, 14, 2, 6, 25, 24, 21]","(7.0, 448.4281276276091)"
21,414,[  7.        454.6455184],[0.         1.40092665],[  7.         448.42812763],[  7.         455.38108442],"[9, 11, 7, 22, 20, 23, 10, 8, 5, 1, 4, 3, 19, 17, 18, 15, 13, 16, 12, 14, 2, 6, 25, 24, 21]","(7.0, 448.4281276276091)"
22,396,[  7.         453.69581712],[0.         1.78839373],[  7.         448.42812763],[  7.         455.38108442],"[9, 11, 7, 22, 20, 23, 10, 8, 5, 1, 4, 3, 19, 17, 18, 15, 13, 16, 12, 14, 2, 6, 25, 24, 21]","(7.0, 448.4281276276091)"
23,412,[  7.         452.00719257],[0.         1.13814961],[  7.         444.81884344],[  7.        454.9016617],"[9, 11, 8, 22, 20, 23, 10, 7, 5, 1, 4, 3, 19, 17, 18, 15, 13, 16, 12, 14, 2, 6, 25, 24, 21]","(7.0, 444.81884344449537)"
24,410,[  7.         451.39383426],[0.         1.41002199],[  7.         442.44972915],[  7.         452.03258479],"[9, 11, 7, 22, 20, 23, 10, 6, 5, 1, 4, 8, 19, 15, 18, 17, 13, 16, 12, 14, 2, 3, 25, 24, 21]","(7.0, 442.4497291533469)"
25,392,[  7.         450.48392095],[0.         1.94266969],[  7.         441.65579966],[  7.         452.03258479],"[9, 11, 6, 2, 20, 23, 10, 8, 4, 1, 5, 3, 19, 17, 18, 15, 13, 16, 12, 14, 22, 7, 25, 24, 21]","(7.0, 441.65579965844836)"
26,394,[  7.         448.75846139],[0.         1.76034267],[  7.         441.65579966],[  7.        451.5273887],"[9, 11, 6, 2, 20, 23, 10, 8, 4, 1, 5, 3, 19, 17, 18, 15, 13, 16, 12, 14, 22, 7, 25, 24, 21]","(7.0, 441.65579965844836)"
27,394,[  7.         447.44151797],[0.         1.74822809],[  7.         440.15391577],[  7.         448.42812763],"[9, 11, 7, 22, 20, 3, 10, 8, 5, 1, 4, 23, 19, 17, 18, 15, 13, 16, 12, 14, 2, 6, 25, 24, 21]","(7.0, 440.1539157729234)"
28,400,[  7.         446.19664656],[0.         2.14329044],[  7.         440.15391577],[  7.         448.42812763],"[9, 11, 7, 22, 20, 3, 10, 8, 5, 1, 4, 23, 19, 17, 18, 15, 13, 16, 12, 14, 2, 6, 25, 24, 21]","(7.0, 440.1539157729234)"
29,416,[  7.         444.11587478],[0.         1.64938935],[  7.        438.4389991],[  7.         446.55313462],"[11, 9, 6, 2, 20, 23, 10, 8, 4, 1, 5, 3, 19, 17, 18, 15, 13, 16, 12, 14, 22, 7, 25, 24, 21]","(7.0, 438.4389990980948)"
30,394,[  7.         442.74993422],[0.         1.52738661],[  7.         432.34797229],[  7.         444.81884344],"[9, 11, 10, 22, 20, 23, 7, 6, 5, 1, 4, 8, 19, 15, 18, 17, 13, 16, 12, 14, 2, 3, 25, 24, 21]","(7.0, 432.34797228829825)"
31,404,[  7.         441.59015319],[0.         1.23025931],[  7.         432.34797229],[  7.         442.44972915],"[9, 11, 10, 22, 20, 23, 7, 6, 5, 1, 4, 8, 19, 15, 18, 17, 13, 16, 12, 14, 2, 3, 25, 24, 21]","(7.0, 432.34797228829825)"
32,400,[  7.         440.65906998],[0.        1.4382478],[  7.         432.34797229],[  7.         441.65579966],"[9, 11, 10, 22, 20, 23, 7, 6, 5, 1, 4, 8, 19, 15, 18, 17, 13, 16, 12, 14, 2, 3, 25, 24, 21]","(7.0, 432.34797228829825)"
33,398,[  7.         439.70706473],[0.         1.74145544],[  7.         432.34797229],[  7.         440.92132052],"[9, 11, 10, 22, 20, 23, 7, 6, 5, 1, 4, 8, 19, 15, 18, 17, 13, 16, 12, 14, 2, 3, 25, 24, 21]","(7.0, 432.34797228829825)"
34,406,[  7.         438.80815924],[0.         2.39927848],[  7.         427.13387998],[  7.         440.34522251],"[9, 11, 10, 22, 20, 23, 7, 6, 4, 1, 5, 8, 19, 15, 18, 17, 13, 16, 12, 14, 2, 3, 25, 24, 21]","(7.0, 427.1338799849451)"
35,382,[  7.         437.08754205],[0.        2.8188438],[  7.         427.13387998],[  7.         440.15391577],"[9, 11, 10, 22, 20, 23, 7, 6, 4, 1, 5, 8, 19, 15, 18, 17, 13, 16, 12, 14, 2, 3, 25, 24, 21]","(7.0, 427.1338799849451)"
36,408,[  7.        434.5252191],[0.         2.14633084],[  7.         427.13387998],[  7.         437.37982333],"[9, 11, 10, 22, 20, 23, 7, 6, 4, 1, 5, 8, 19, 15, 18, 17, 13, 16, 12, 14, 2, 3, 25, 24, 21]","(7.0, 427.1338799849451)"
37,406,[  7.         432.48938269],[0.         1.28133137],[  7.         427.13387998],[  7.         435.95246562],"[9, 11, 10, 22, 20, 23, 7, 6, 4, 1, 5, 8, 19, 15, 18, 17, 13, 16, 12, 14, 2, 3, 25, 24, 21]","(7.0, 427.1338799849451)"
38,414,[  7.        431.8380663],[0.         1.08690993],[  7.         427.13387998],[  7.         432.34797229],"[9, 11, 10, 22, 20, 23, 7, 6, 4, 1, 5, 8, 19, 15, 18, 17, 13, 16, 12, 14, 2, 3, 25, 24, 21]","(7.0, 427.1338799849451)"
39,418,[  7.         431.17973043],[0.         1.45328536],[  7.        425.6670031],[  7.         432.34797229],"[9, 11, 10, 23, 20, 22, 7, 6, 5, 1, 4, 8, 19, 15, 18, 17, 13, 12, 16, 14, 2, 3, 25, 24, 21]","(7.0, 425.6670031046282)"
40,396,[  7.         429.87171074],[0.         1.35053991],[  7.         424.82155638],[  7.         432.05811816],"[9, 11, 23, 22, 20, 8, 3, 7, 4, 1, 5, 10, 19, 18, 17, 15, 13, 16, 14, 12, 2, 6, 25, 24, 21]","(7.0, 424.82155638290084)"
41,398,[  7.        428.8278505],[0.         1.02991394],[  7.         424.34722715],[  7.         429.51954516],"[9, 11, 10, 23, 20, 22, 7, 6, 3, 5, 4, 8, 19, 15, 18, 17, 13, 16, 12, 14, 2, 1, 25, 24, 21]","(7.0, 424.34722714581886)"
42,402,[  7.         428.06168706],[0.        1.1502878],[  7.         423.90145677],[  7.         429.11554908],"[9, 11, 10, 22, 20, 23, 7, 6, 4, 1, 5, 8, 19, 15, 18, 17, 13, 12, 16, 14, 2, 3, 25, 24, 21]","(7.0, 423.9014567727719)"
43,400,[  7.         426.99290375],[0.         1.02779544],[  7.        420.4529108],[  7.         428.06950051],"[9, 11, 10, 23, 20, 22, 7, 6, 4, 1, 5, 8, 19, 15, 18, 17, 13, 12, 16, 14, 2, 3, 25, 24, 21]","(7.0, 420.45291080127515)"
44,400,[  7.         426.21659126],[0.         1.10318562],[  7.        420.4529108],[  7.         427.13387998],"[9, 11, 10, 23, 20, 22, 7, 6, 4, 1, 5, 8, 19, 15, 18, 17, 13, 12, 16, 14, 2, 3, 25, 24, 21]","(7.0, 420.45291080127515)"
45,394,[  7.         425.20808808],[0.         1.05831807],[  7.        420.4529108],[  7.         426.14680288],"[9, 11, 10, 23, 20, 22, 7, 6, 4, 1, 5, 8, 19, 15, 18, 17, 13, 12, 16, 14, 2, 3, 25, 24, 21]","(7.0, 420.45291080127515)"
46,416,[  7.        424.6039255],[0.         1.17272014],[  7.        420.4529108],[  7.        425.6670031],"[9, 11, 10, 23, 20, 22, 7, 6, 4, 1, 5, 8, 19, 15, 18, 17, 13, 12, 16, 14, 2, 3, 25, 24, 21]","(7.0, 420.45291080127515)"
47,410,[  7.         423.84389613],[0.         1.29528953],[  7.        420.4529108],[  7.         424.82155638],"[9, 11, 10, 23, 20, 22, 7, 6, 4, 1, 5, 8, 19, 15, 18, 17, 13, 12, 16, 14, 2, 3, 25, 24, 21]","(7.0, 420.45291080127515)"
48,406,[  7.         423.01484253],[0.         1.47629645],[  7.        420.4529108],[  7.         424.34722715],"[9, 11, 10, 23, 20, 22, 7, 6, 4, 1, 5, 8, 19, 15, 18, 17, 13, 12, 16, 14, 2, 3, 25, 24, 21]","(7.0, 420.45291080127515)"
49,404,[  7.         421.87134891],[0.         1.41795565],[  7.        420.4529108],[  7.         423.90145677],"[9, 11, 10, 23, 20, 22, 7, 6, 4, 1, 5, 8, 19, 15, 18, 17, 13, 12, 16, 14, 2, 3, 25, 24, 21]","(7.0, 420.45291080127515)"
50,406,[  7.         420.66148632],[0.       0.308795],[  7.        416.3820207],[  7.         420.93271057],"[9, 11, 10, 23, 22, 20, 7, 6, 4, 1, 5, 18, 19, 15, 8, 17, 13, 16, 12, 14, 2, 3, 25, 24, 21]","(7.0, 416.3820207039888)"
51,406,[  7.         420.43536324],[0.         0.26237377],[  7.        416.3820207],[  7.         420.93271057],"[9, 11, 10, 23, 22, 20, 7, 6, 4, 1, 5, 18, 19, 15, 8, 17, 13, 16, 12, 14, 2, 3, 25, 24, 21]","(7.0, 416.3820207039888)"
52,428,[  7.         420.40219807],[0.         0.42623517],[  7.        416.3820207],[  7.        420.4529108],"[9, 11, 10, 23, 22, 20, 7, 6, 4, 1, 5, 18, 19, 15, 8, 17, 13, 16, 12, 14, 2, 3, 25, 24, 21]","(7.0, 416.3820207039888)"
53,406,[  7.         420.32032531],[0.         0.69012312],[  7.         415.76729631],[  7.        420.4529108],"[9, 11, 10, 23, 20, 22, 7, 6, 4, 3, 5, 8, 19, 15, 18, 17, 13, 12, 16, 14, 2, 1, 25, 24, 21]","(7.0, 415.76729630982817)"
54,392,[  7.         420.16985489],[0.         0.97420623],[  7.         415.76729631],[  7.        420.4529108],"[9, 11, 10, 23, 20, 22, 7, 6, 4, 3, 5, 8, 19, 15, 18, 17, 13, 12, 16, 14, 2, 1, 25, 24, 21]","(7.0, 415.76729630982817)"
55,396,[  7.         419.76962073],[0.         1.42329465],[  7.         415.76729631],[  7.        420.4529108],"[9, 11, 10, 23, 20, 22, 7, 6, 4, 3, 5, 8, 19, 15, 18, 17, 13, 12, 16, 14, 2, 1, 25, 24, 21]","(7.0, 415.76729630982817)"
56,406,[  7.         419.00499805],[0.         1.78975508],[  7.         415.76729631],[  7.        420.4529108],"[9, 11, 10, 23, 20, 22, 7, 6, 4, 3, 5, 8, 19, 15, 18, 17, 13, 12, 16, 14, 2, 1, 25, 24, 21]","(7.0, 415.76729630982817)"
57,406,[  7.        417.4919069],[0.         1.48967309],[  7.         415.15245781],[  7.        420.4529108],"[9, 11, 10, 23, 22, 20, 7, 6, 4, 1, 5, 18, 19, 15, 8, 13, 17, 16, 12, 14, 2, 3, 25, 24, 21]","(7.0, 415.15245780933935)"
58,370,[  7.         416.30695386],[0.         0.20855151],[  7.         415.15245781],[  7.        416.3820207],"[9, 11, 10, 23, 22, 20, 7, 6, 4, 1, 5, 18, 19, 15, 8, 13, 17, 16, 12, 14, 2, 3, 25, 24, 21]","(7.0, 415.15245780933935)"
59,406,[  7.        416.2041528],[0.         0.34696687],[  7.         413.14959749],[  7.        416.3820207],"[9, 11, 10, 23, 22, 20, 7, 6, 4, 1, 5, 18, 19, 15, 8, 17, 13, 12, 16, 14, 2, 3, 25, 24, 21]","(7.0, 413.1495974918156)"
60,420,[  7.         416.00442412],[0.         0.42835005],[  7.         413.14959749],[  7.        416.3820207],"[9, 11, 10, 23, 22, 20, 7, 6, 4, 1, 5, 18, 19, 15, 8, 17, 13, 12, 16, 14, 2, 3, 25, 24, 21]","(7.0, 413.1495974918156)"
61,402,[  7.         415.65435182],[0.         0.44735311],[  7.         413.01467287],[  7.         415.76729631],"[9, 11, 10, 23, 20, 22, 7, 6, 4, 3, 5, 18, 19, 15, 8, 17, 13, 12, 16, 14, 2, 1, 25, 24, 21]","(7.0, 413.0146728680996)"
62,406,[  7.        415.5026904],[0.         0.65253384],[  7.         413.01467287],[  7.         415.76729631],"[9, 11, 10, 23, 20, 22, 7, 6, 4, 3, 5, 18, 19, 15, 8, 17, 13, 12, 16, 14, 2, 1, 25, 24, 21]","(7.0, 413.0146728680996)"
63,388,[  7.         415.16532959],[0.         0.87468629],[  7.         413.01467287],[  7.         415.76729631],"[9, 11, 10, 23, 20, 22, 7, 6, 4, 3, 5, 18, 19, 15, 8, 17, 13, 12, 16, 14, 2, 1, 25, 24, 21]","(7.0, 413.0146728680996)"
64,408,[  7.         414.56801724],[0.         0.93676623],[  7.         413.01467287],[  7.         415.76729631],"[9, 11, 10, 23, 20, 22, 7, 6, 4, 3, 5, 18, 19, 15, 8, 17, 13, 12, 16, 14, 2, 1, 25, 24, 21]","(7.0, 413.0146728680996)"
65,402,[  7.         413.80313877],[0.         0.87782652],[  7.        411.9200346],[  7.         415.15245781],"[9, 11, 10, 23, 22, 20, 7, 6, 4, 1, 5, 18, 19, 15, 8, 13, 17, 12, 16, 14, 2, 3, 25, 24, 21]","(7.0, 411.92003459716614)"
66,390,[  7.         413.10708212],[0.         0.15163997],[  7.         411.78510997],[  7.         413.15925565],"[9, 11, 10, 23, 20, 22, 7, 6, 4, 3, 5, 18, 19, 15, 8, 13, 17, 12, 16, 14, 2, 1, 25, 24, 21]","(7.0, 411.7851099734502)"
67,382,[  7.         413.05192718],[0.         0.21691576],[  7.         411.78510997],[  7.         413.14959749],"[9, 11, 10, 23, 20, 22, 7, 6, 4, 3, 5, 18, 19, 15, 8, 13, 17, 12, 16, 14, 2, 1, 25, 24, 21]","(7.0, 411.7851099734502)"
68,392,[  7.         412.94577036],[0.         0.29618859],[  7.         411.78510997],[  7.         413.14959749],"[9, 11, 10, 23, 20, 22, 7, 6, 4, 3, 5, 18, 19, 15, 8, 13, 17, 12, 16, 14, 2, 1, 25, 24, 21]","(7.0, 411.7851099734502)"
69,398,[  7.         412.83177421],[0.         0.40893668],[  7.         411.78510997],[  7.         413.01467287],"[9, 11, 10, 23, 20, 22, 7, 6, 4, 3, 5, 18, 19, 15, 8, 13, 17, 12, 16, 14, 2, 1, 25, 24, 21]","(7.0, 411.7851099734502)"
70,386,[  7.         412.61166764],[0.         0.53609061],[  7.         410.73906141],[  7.         413.01467287],"[9, 11, 10, 23, 20, 22, 7, 6, 4, 3, 5, 18, 19, 15, 8, 13, 17, 16, 14, 12, 2, 1, 25, 24, 21]","(7.0, 410.73906140663405)"
71,412,[  7.         412.19130288],[0.         0.55595171],[  7.         407.23442011],[  7.         413.01467287],"[9, 11, 10, 23, 22, 20, 7, 6, 4, 3, 5, 18, 19, 15, 8, 13, 17, 12, 16, 14, 2, 1, 25, 24, 21]","(7.0, 407.2344201057192)"
72,380,[  7.         411.81925558],[0.         0.39819047],[  7.         407.23442011],[  7.        411.9200346],"[9, 11, 10, 23, 22, 20, 7, 6, 4, 3, 5, 18, 19, 15, 8, 13, 17, 12, 16, 14, 2, 1, 25, 24, 21]","(7.0, 407.2344201057192)"
73,396,[  7.         411.68454973],[0.         0.62380658],[  7.         407.23442011],[  7.        411.9200346],"[9, 11, 10, 23, 22, 20, 7, 6, 4, 3, 5, 18, 19, 15, 8, 13, 17, 12, 16, 14, 2, 1, 25, 24, 21]","(7.0, 407.2344201057192)"
74,408,[  7.         411.48174074],[0.         0.92911113],[  7.         407.23442011],[  7.         411.78510997],"[9, 11, 10, 23, 22, 20, 7, 6, 4, 3, 5, 18, 19, 15, 8, 13, 17, 12, 16, 14, 2, 1, 25, 24, 21]","(7.0, 407.2344201057192)"
75,390,[  7.         411.11928015],[0.         1.30256542],[  7.         407.23442011],[  7.         411.78510997],"[9, 11, 10, 23, 22, 20, 7, 6, 4, 3, 5, 18, 19, 15, 8, 13, 17, 12, 16, 14, 2, 1, 25, 24, 21]","(7.0, 407.2344201057192)"
76,406,[  7.         410.42438131],[0.        1.6107678],[  7.         407.23442011],[  7.         411.78510997],"[9, 11, 10, 23, 22, 20, 7, 6, 4, 3, 5, 18, 19, 15, 8, 13, 17, 12, 16, 14, 2, 1, 25, 24, 21]","(7.0, 407.2344201057192)"
77,412,[  7.         409.40057852],[0.        1.6948498],[  7.         406.18837154],[  7.         410.73906141],"[9, 11, 10, 23, 22, 20, 7, 6, 4, 3, 5, 18, 19, 15, 8, 13, 17, 12, 14, 16, 2, 1, 25, 24, 21]","(7.0, 406.1883715389031)"
78,406,[  7.         408.08458164],[0.         1.47667897],[  7.         406.18837154],[  7.         410.73906141],"[9, 11, 10, 23, 22, 20, 7, 6, 4, 3, 5, 18, 19, 15, 8, 13, 17, 12, 14, 16, 2, 1, 25, 24, 21]","(7.0, 406.1883715389031)"
79,392,[  7.         407.21970542],[0.        0.1229023],[  7.         406.18837154],[  7.         407.23442011],"[9, 11, 10, 23, 22, 20, 7, 6, 4, 3, 5, 18, 19, 15, 8, 13, 17, 12, 14, 16, 2, 1, 25, 24, 21]","(7.0, 406.1883715389031)"
80,382,[  7.         407.20499073],[0.         0.17255986],[  7.         406.18837154],[  7.         407.23442011],"[9, 11, 10, 23, 22, 20, 7, 6, 4, 3, 5, 18, 19, 15, 8, 13, 17, 12, 14, 16, 2, 1, 25, 24, 21]","(7.0, 406.1883715389031)"
81,392,[  7.         407.17967555],[0.         0.23219518],[  7.         406.18837154],[  7.         407.23442011],"[9, 11, 10, 23, 22, 20, 7, 6, 4, 3, 5, 18, 19, 15, 8, 13, 17, 12, 14, 16, 2, 1, 25, 24, 21]","(7.0, 406.1883715389031)"
82,402,[  7.         407.10819421],[0.         0.33970228],[  7.         406.18837154],[  7.         407.23442011],"[9, 11, 10, 23, 22, 20, 7, 6, 4, 3, 5, 18, 19, 15, 8, 13, 17, 12, 14, 16, 2, 1, 25, 24, 21]","(7.0, 406.1883715389031)"
83,406,[  7.         406.96320945],[0.         0.45694582],[  7.         406.18837154],[  7.         407.23442011],"[9, 11, 10, 23, 22, 20, 7, 6, 4, 3, 5, 18, 19, 15, 8, 13, 17, 12, 14, 16, 2, 1, 25, 24, 21]","(7.0, 406.1883715389031)"
84,380,[  7.         406.69395087],[0.         0.52001815],[  7.         406.18837154],[  7.         407.23442011],"[9, 11, 10, 23, 22, 20, 7, 6, 4, 3, 5, 18, 19, 15, 8, 13, 17, 12, 14, 16, 2, 1, 25, 24, 21]","(7.0, 406.1883715389031)"
85,392,[  7.        406.1964599],[0.         0.09006818],[  7.         406.18837154],[  7.         407.19941676],"[9, 11, 10, 23, 22, 20, 7, 6, 4, 3, 5, 18, 19, 15, 8, 13, 17, 12, 14, 16, 2, 1, 25, 24, 21]","(7.0, 406.1883715389031)"
86,402,[  7.         406.18830153],[0.         0.00156383],[  7.         406.15336819],[  7.         406.18837154],"[9, 11, 10, 23, 21, 20, 7, 6, 4, 3, 5, 18, 19, 15, 8, 13, 17, 12, 14, 16, 2, 1, 25, 24, 22]","(7.0, 406.1533681913612)"
87,394,[  7.         406.18816152],[0.        0.0027032],[  7.         406.15336819],[  7.         406.18837154],"[9, 11, 10, 23, 21, 20, 7, 6, 4, 3, 5, 18, 19, 15, 8, 13, 17, 12, 14, 16, 2, 1, 25, 24, 22]","(7.0, 406.1533681913612)"
88,386,[  7.         406.18781149],[0.         0.00439205],[  7.         406.15336819],[  7.         406.18837154],"[9, 11, 10, 23, 21, 20, 7, 6, 4, 3, 5, 18, 19, 15, 8, 13, 17, 12, 14, 16, 2, 1, 25, 24, 22]","(7.0, 406.1533681913612)"
89,414,[  7.         406.18718143],[0.         0.00634363],[  7.         406.15336819],[  7.         406.18837154],"[9, 11, 10, 23, 21, 20, 7, 6, 4, 3, 5, 18, 19, 15, 8, 13, 17, 12, 14, 16, 2, 1, 25, 24, 22]","(7.0, 406.1533681913612)"
90,380,[  7.         406.18543126],[0.        0.0097095],[  7.         406.15336819],[  7.         406.18837154],"[9, 11, 10, 23, 21, 20, 7, 6, 4, 3, 5, 18, 19, 15, 8, 13, 17, 12, 14, 16, 2, 1, 25, 24, 22]","(7.0, 406.1533681913612)"
91,422,[  7.         406.18235096],[0.         0.01320958],[  7.         406.15336819],[  7.         406.18837154],"[9, 11, 10, 23, 21, 20, 7, 6, 4, 3, 5, 18, 19, 15, 8, 13, 17, 12, 14, 16, 2, 1, 25, 24, 22]","(7.0, 406.1533681913612)"
92,410,[  7.         406.17570033],[0.         0.01682187],[  7.         406.15336819],[  7.         406.18837154],"[9, 11, 10, 23, 21, 20, 7, 6, 4, 3, 5, 18, 19, 15, 8, 13, 17, 12, 14, 16, 2, 1, 25, 24, 22]","(7.0, 406.1533681913612)"
93,418,[  7.         406.16218903],[0.        0.0151971],[  7.         406.15336819],[  7.         406.18837154],"[9, 11, 10, 23, 21, 20, 7, 6, 4, 3, 5, 18, 19, 15, 8, 13, 17, 12, 14, 16, 2, 1, 25, 24, 22]","(7.0, 406.1533681913612)"
94,398,[  7.         406.15336819],[0.00000000e+00 2.38742359e-12],[  7.         406.15336819],[  7.         406.15336819],"[9, 11, 10, 23, 21, 20, 7, 6, 4, 3, 5, 18, 19, 15, 8, 13, 17, 12, 14, 16, 2, 1, 25, 24, 22]","(7.0, 406.1533681913612)"
95,394,[  7.         406.15336819],[0.00000000e+00 2.38742359e-12],[  7.         406.15336819],[  7.         406.15336819],"[9, 11, 10, 23, 21, 20, 7, 6, 4, 3, 5, 18, 19, 15, 8, 13, 17, 12, 14, 16, 2, 1, 25, 24, 22]","(7.0, 406.1533681913612)"
96,396,[  7.         406.15336819],[0.00000000e+00 2.38742359e-12],[  7.         406.15336819],[  7.         406.15336819],"[9, 11, 10, 23, 21, 20, 7, 6, 4, 3, 5, 18, 19, 15, 8, 13, 17, 12, 14, 16, 2, 1, 25, 24, 22]","(7.0, 406.1533681913612)"
97,402,[  7.         406.15336819],[0.00000000e+00 2.38742359e-12],[  7.         406.15336819],[  7.         406.15336819],"[9, 11, 10, 23, 21, 20, 7, 6, 4, 3, 5, 18, 19, 15, 8, 13, 17, 12, 14, 16, 2, 1, 25, 24, 22]","(7.0, 406.1533681913612)"
98,404,[  7.         406.15336819],[0.00000000e+00 2.38742359e-12],[  7.         406.15336819],[  7.         406.15336819],"[9, 11, 10, 23, 21, 20, 7, 6, 4, 3, 5, 18, 19, 15, 8, 13, 17, 12, 14, 16, 2, 1, 25, 24, 22]","(7.0, 406.1533681913612)"
99,396,[  7.         406.15336819],[0.00000000e+00 2.38742359e-12],[  7.         406.15336819],[  7.         406.15336819],"[9, 11, 10, 23, 21, 20, 7, 6, 4, 3, 5, 18, 19, 15, 8, 13, 17, 12, 14, 16, 2, 1, 25, 24, 22]","(7.0, 406.1533681913612)"
100,404,[  7.         406.15336819],[0.00000000e+00 2.38742359e-12],[  7.         406.15336819],[  7.         406.15336819],"[9, 11, 10, 23, 21, 20, 7, 6, 4, 3, 5, 18, 19, 15, 8, 13, 17, 12, 14, 16, 2, 1, 25, 24, 22]","(7.0, 406.1533681913612)"
101,382,[  7.         406.15336819],[0.00000000e+00 2.38742359e-12],[  7.         406.15336819],[  7.         406.15336819],"[9, 11, 10, 23, 21, 20, 7, 6, 4, 3, 5, 18, 19, 15, 8, 13, 17, 12, 14, 16, 2, 1, 25, 24, 22]","(7.0, 406.1533681913612)"
102,410,[  7.         406.15336819],[0.00000000e+00 2.38742359e-12],[  7.         406.15336819],[  7.         406.15336819],"[9, 11, 10, 23, 21, 20, 7, 6, 4, 3, 5, 18, 19, 15, 8, 13, 17, 12, 14, 16, 2, 1, 25, 24, 22]","(7.0, 406.1533681913612)"
103,394,[  7.         406.15336819],[0.00000000e+00 2.38742359e-12],[  7.         406.15336819],[  7.         406.15336819],"[9, 11, 10, 23, 21, 20, 7, 6, 4, 3, 5, 18, 19, 15, 8, 13, 17, 12, 14, 16, 2, 1, 25, 24, 22]","(7.0, 406.1533681913612)"
104,396,[  7.         406.15336819],[0.00000000e+00 2.38742359e-12],[  7.         406.15336819],[  7.         406.15336819],"[9, 11, 10, 23, 21, 20, 7, 6, 4, 3, 5, 18, 19, 15, 8, 13, 17, 12, 14, 16, 2, 1, 25, 24, 22]","(7.0, 406.1533681913612)"
105,394,[  7.         406.15336819],[0.00000000e+00 2.38742359e-12],[  7.         406.15336819],[  7.         406.15336819],"[9, 11, 10, 23, 21, 20, 7, 6, 4, 3, 5, 18, 19, 15, 8, 13, 17, 12, 14, 16, 2, 1, 25, 24, 22]","(7.0, 406.1533681913612)"
106,396,[  7.         406.15336819],[0.00000000e+00 2.38742359e-12],[  7.         406.15336819],[  7.         406.15336819],"[9, 11, 10, 23, 21, 20, 7, 6, 4, 3, 5, 18, 19, 15, 8, 13, 17, 12, 14, 16, 2, 1, 25, 24, 22]","(7.0, 406.1533681913612)"
107,400,[  7.         406.15336819],[0.00000000e+00 2.38742359e-12],[  7.         406.15336819],[  7.         406.15336819],"[9, 11, 10, 23, 21, 20, 7, 6, 4, 3, 5, 18, 19, 15, 8, 13, 17, 12, 14, 16, 2, 1, 25, 24, 22]","(7.0, 406.1533681913612)"
108,404,[  7.         406.15336819],[0.00000000e+00 2.38742359e-12],[  7.         406.15336819],[  7.         406.15336819],"[9, 11, 10, 23, 21, 20, 7, 6, 4, 3, 5, 18, 19, 15, 8, 13, 17, 12, 14, 16, 2, 1, 25, 24, 22]","(7.0, 406.1533681913612)"
109,382,[  7.         406.15336819],[0.00000000e+00 2.38742359e-12],[  7.         406.15336819],[  7.         406.15336819],"[9, 11, 10, 23, 21, 20, 7, 6, 4, 3, 5, 18, 19, 15, 8, 13, 17, 12, 14, 16, 2, 1, 25, 24, 22]","(7.0, 406.1533681913612)"
110,398,[  7.         406.15336819],[0.00000000e+00 2.38742359e-12],[  7.         406.15336819],[  7.         406.15336819],"[9, 11, 10, 23, 21, 20, 7, 6, 4, 3, 5, 18, 19, 15, 8, 13, 17, 12, 14, 16, 2, 1, 25, 24, 22]","(7.0, 406.1533681913612)"
111,394,[  7.         406.15336819],[0.00000000e+00 2.38742359e-12],[  7.         406.15336819],[  7.         406.15336819],"[9, 11, 10, 23, 21, 20, 7, 6, 4, 3, 5, 18, 19, 15, 8, 13, 17, 12, 14, 16, 2, 1, 25, 24, 22]","(7.0, 406.1533681913612)"
112,404,[  7.         406.15336819],[0.00000000e+00 2.38742359e-12],[  7.         406.15336819],[  7.         406.15336819],"[9, 11, 10, 23, 21, 20, 7, 6, 4, 3, 5, 18, 19, 15, 8, 13, 17, 12, 14, 16, 2, 1, 25, 24, 22]","(7.0, 406.1533681913612)"
113,406,[  7.         406.15336819],[0.00000000e+00 2.38742359e-12],[  7.         406.15336819],[  7.         406.15336819],"[9, 11, 10, 23, 21, 20, 7, 6, 4, 3, 5, 18, 19, 15, 8, 13, 17, 12, 14, 16, 2, 1, 25, 24, 22]","(7.0, 406.1533681913612)"
114,364,[  7.         406.15336819],[0.00000000e+00 2.38742359e-12],[  7.         406.15336819],[  7.         406.15336819],"[9, 11, 10, 23, 21, 20, 7, 6, 4, 3, 5, 18, 19, 15, 8, 13, 17, 12, 14, 16, 2, 1, 25, 24, 22]","(7.0, 406.1533681913612)"
115,418,[  7.         406.15336819],[0.00000000e+00 2.38742359e-12],[  7.         406.15336819],[  7.         406.15336819],"[9, 11, 10, 23, 21, 20, 7, 6, 4, 3, 5, 18, 19, 15, 8, 13, 17, 12, 14, 16, 2, 1, 25, 24, 22]","(7.0, 406.1533681913612)"
116,362,[  7.         406.15336819],[0.00000000e+00 2.38742359e-12],[  7.         406.15336819],[  7.         406.15336819],"[9, 11, 10, 23, 21, 20, 7, 6, 4, 3, 5, 18, 19, 15, 8, 13, 17, 12, 14, 16, 2, 1, 25, 24, 22]","(7.0, 406.1533681913612)"
117,398,[  7.         406.15336819],[0.00000000e+00 2.38742359e-12],[  7.         406.15336819],[  7.         406.15336819],"[9, 11, 10, 23, 21, 20, 7, 6, 4, 3, 5, 18, 19, 15, 8, 13, 17, 12, 14, 16, 2, 1, 25, 24, 22]","(7.0, 406.1533681913612)"
118,374,[  7.         406.15336819],[0.00000000e+00 2.38742359e-12],[  7.         406.15336819],[  7.         406.15336819],"[9, 11, 10, 23, 21, 20, 7, 6, 4, 3, 5, 18, 19, 15, 8, 13, 17, 12, 14, 16, 2, 1, 25, 24, 22]","(7.0, 406.1533681913612)"
119,398,[  7.         406.15336819],[0.00000000e+00 2.38742359e-12],[  7.         406.15336819],[  7.         406.15336819],"[9, 11, 10, 23, 21, 20, 7, 6, 4, 3, 5, 18, 19, 15, 8, 13, 17, 12, 14, 16, 2, 1, 25, 24, 22]","(7.0, 406.1533681913612)"
120,392,[  7.         406.15336819],[0.00000000e+00 2.38742359e-12],[  7.         406.15336819],[  7.         406.15336819],"[9, 11, 10, 23, 21, 20, 7, 6, 4, 3, 5, 18, 19, 15, 8, 13, 17, 12, 14, 16, 2, 1, 25, 24, 22]","(7.0, 406.1533681913612)"
121,412,[  7.         406.15336819],[0.00000000e+00 2.38742359e-12],[  7.         406.15336819],[  7.         406.15336819],"[9, 11, 10, 23, 21, 20, 7, 6, 4, 3, 5, 18, 19, 15, 8, 13, 17, 12, 14, 16, 2, 1, 25, 24, 22]","(7.0, 406.1533681913612)"
122,410,[  7.         406.15336819],[0.00000000e+00 2.38742359e-12],[  7.         406.15336819],[  7.         406.15336819],"[9, 11, 10, 23, 21, 20, 7, 6, 4, 3, 5, 18, 19, 15, 8, 13, 17, 12, 14, 16, 2, 1, 25, 24, 22]","(7.0, 406.1533681913612)"
123,376,[  7.         406.15336819],[0.00000000e+00 2.38742359e-12],[  7.         406.15336819],[  7.         406.15336819],"[9, 11, 10, 23, 21, 20, 7, 6, 4, 3, 5, 18, 19, 15, 8, 13, 17, 12, 14, 16, 2, 1, 25, 24, 22]","(7.0, 406.1533681913612)"
124,418,[  7.         406.15336819],[0.00000000e+00 2.38742359e-12],[  7.         406.15336819],[  7.         406.15336819],"[9, 11, 10, 23, 21, 20, 7, 6, 4, 3, 5, 18, 19, 15, 8, 13, 17, 12, 14, 16, 2, 1, 25, 24, 22]","(7.0, 406.1533681913612)"
125,400,[  7.         406.15336819],[0.00000000e+00 2.38742359e-12],[  7.         406.15336819],[  7.         406.15336819],"[9, 11, 10, 23, 21, 20, 7, 6, 4, 3, 5, 18, 19, 15, 8, 13, 17, 12, 14, 16, 2, 1, 25, 24, 22]","(7.0, 406.1533681913612)"
126,406,[  7.         406.15336819],[0.00000000e+00 2.38742359e-12],[  7.         406.15336819],[  7.         406.15336819],"[9, 11, 10, 23, 21, 20, 7, 6, 4, 3, 5, 18, 19, 15, 8, 13, 17, 12, 14, 16, 2, 1, 25, 24, 22]","(7.0, 406.1533681913612)"
127,392,[  7.         406.15336819],[0.00000000e+00 2.38742359e-12],[  7.         406.15336819],[  7.         406.15336819],"[9, 11, 10, 23, 21, 20, 7, 6, 4, 3, 5, 18, 19, 15, 8, 13, 17, 12, 14, 16, 2, 1, 25, 24, 22]","(7.0, 406.1533681913612)"
128,402,[  7.         406.15336819],[0.00000000e+00 2.38742359e-12],[  7.         406.15336819],[  7.         406.15336819],"[9, 11, 10, 23, 21, 20, 7, 6, 4, 3, 5, 18, 19, 15, 8, 13, 17, 12, 14, 16, 2, 1, 25, 24, 22]","(7.0, 406.1533681913612)"
129,408,[  7.         406.15336819],[0.00000000e+00 2.38742359e-12],[  7.         406.15336819],[  7.         406.15336819],"[9, 11, 10, 23, 21, 20, 7, 6, 4, 3, 5, 18, 19, 15, 8, 13, 17, 12, 14, 16, 2, 1, 25, 24, 22]","(7.0, 406.1533681913612)"
130,370,[  7.         406.15336819],[0.00000000e+00 2.38742359e-12],[  7.         406.15336819],[  7.         406.15336819],"[9, 11, 10, 23, 21, 20, 7, 6, 4, 3, 5, 18, 19, 15, 8, 13, 17, 12, 14, 16, 2, 1, 25, 24, 22]","(7.0, 406.1533681913612)"
131,398,[  7.         406.15336819],[0.00000000e+00 2.38742359e-12],[  7.         406.15336819],[  7.         406.15336819],"[9, 11, 10, 23, 21, 20, 7, 6, 4, 3, 5, 18, 19, 15, 8, 13, 17, 12, 14, 16, 2, 1, 25, 24, 22]","(7.0, 406.1533681913612)"
132,370,[  7.         406.15336819],[0.00000000e+00 2.38742359e-12],[  7.         406.15336819],[  7.         406.15336819],"[9, 11, 10, 23, 21, 20, 7, 6, 4, 3, 5, 18, 19, 15, 8, 13, 17, 12, 14, 16, 2, 1, 25, 24, 22]","(7.0, 406.1533681913612)"
133,394,[  7.         406.15336819],[0.00000000e+00 2.38742359e-12],[  7.         406.15336819],[  7.         406.15336819],"[9, 11, 10, 23, 21, 20, 7, 6, 4, 3, 5, 18, 19, 15, 8, 13, 17, 12, 14, 16, 2, 1, 25, 24, 22]","(7.0, 406.1533681913612)"
134,386,[  7.         406.15336819],[0.00000000e+00 2.38742359e-12],[  7.         406.15336819],[  7.         406.15336819],"[9, 11, 10, 23, 21, 20, 7, 6, 4, 3, 5, 18, 19, 15, 8, 13, 17, 12, 14, 16, 2, 1, 25, 24, 22]","(7.0, 406.1533681913612)"
135,390,[  7.         406.15336819],[0.00000000e+00 2.38742359e-12],[  7.         406.15336819],[  7.         406.15336819],"[9, 11, 10, 23, 21, 20, 7, 6, 4, 3, 5, 18, 19, 15, 8, 13, 17, 12, 14, 16, 2, 1, 25, 24, 22]","(7.0, 406.1533681913612)"
136,396,[  7.         406.15336819],[0.00000000e+00 2.38742359e-12],[  7.         406.15336819],[  7.         406.15336819],"[9, 11, 10, 23, 21, 20, 7, 6, 4, 3, 5, 18, 19, 15, 8, 13, 17, 12, 14, 16, 2, 1, 25, 24, 22]","(7.0, 406.1533681913612)"
137,402,[  7.         406.15336819],[0.00000000e+00 2.38742359e-12],[  7.         406.15336819],[  7.         406.15336819],"[9, 11, 10, 23, 21, 20, 7, 6, 4, 3, 5, 18, 19, 15, 8, 13, 17, 12, 14, 16, 2, 1, 25, 24, 22]","(7.0, 406.1533681913612)"
138,394,[  7.         406.15336819],[0.00000000e+00 2.38742359e-12],[  7.         406.15336819],[  7.         406.15336819],"[9, 11, 10, 23, 21, 20, 7, 6, 4, 3, 5, 18, 19, 15, 8, 13, 17, 12, 14, 16, 2, 1, 25, 24, 22]","(7.0, 406.1533681913612)"
139,400,[  7.         406.15336819],[0.00000000e+00 2.38742359e-12],[  7.         406.15336819],[  7.         406.15336819],"[9, 11, 10, 23, 21, 20, 7, 6, 4, 3, 5, 18, 19, 15, 8, 13, 17, 12, 14, 16, 2, 1, 25, 24, 22]","(7.0, 406.1533681913612)"
140,392,[  7.         406.15336819],[0.00000000e+00 2.38742359e-12],[  7.         406.15336819],[  7.         406.15336819],"[9, 11, 10, 23, 21, 20, 7, 6, 4, 3, 5, 18, 19, 15, 8, 13, 17, 12, 14, 16, 2, 1, 25, 24, 22]","(7.0, 406.1533681913612)"
141,386,[  7.         406.15336819],[0.00000000e+00 2.38742359e-12],[  7.         406.15336819],[  7.         406.15336819],"[9, 11, 10, 23, 21, 20, 7, 6, 4, 3, 5, 18, 19, 15, 8, 13, 17, 12, 14, 16, 2, 1, 25, 24, 22]","(7.0, 406.1533681913612)"
142,402,[  7.         406.15336819],[0.00000000e+00 2.38742359e-12],[  7.         406.15336819],[  7.         406.15336819],"[9, 11, 10, 23, 21, 20, 7, 6, 4, 3, 5, 18, 19, 15, 8, 13, 17, 12, 14, 16, 2, 1, 25, 24, 22]","(7.0, 406.1533681913612)"
143,386,[  7.         406.15336819],[0.00000000e+00 2.38742359e-12],[  7.         406.15336819],[  7.         406.15336819],"[9, 11, 10, 23, 21, 20, 7, 6, 4, 3, 5, 18, 19, 15, 8, 13, 17, 12, 14, 16, 2, 1, 25, 24, 22]","(7.0, 406.1533681913612)"
144,414,[  7.         406.15336819],[0.00000000e+00 2.38742359e-12],[  7.         406.15336819],[  7.         406.15336819],"[9, 11, 10, 23, 21, 20, 7, 6, 4, 3, 5, 18, 19, 15, 8, 13, 17, 12, 14, 16, 2, 1, 25, 24, 22]","(7.0, 406.1533681913612)"
145,386,[  7.         406.15336819],[0.00000000e+00 2.38742359e-12],[  7.         406.15336819],[  7.         406.15336819],"[9, 11, 10, 23, 21, 20, 7, 6, 4, 3, 5, 18, 19, 15, 8, 13, 17, 12, 14, 16, 2, 1, 25, 24, 22]","(7.0, 406.1533681913612)"
146,404,[  7.         406.15336819],[0.00000000e+00 2.38742359e-12],[  7.         406.15336819],[  7.         406.15336819],"[9, 11, 10, 23, 21, 20, 7, 6, 4, 3, 5, 18, 19, 15, 8, 13, 17, 12, 14, 16, 2, 1, 25, 24, 22]","(7.0, 406.1533681913612)"
147,396,[  7.         406.15336819],[0.00000000e+00 2.38742359e-12],[  7.         406.15336819],[  7.         406.15336819],"[9, 11, 10, 23, 21, 20, 7, 6, 4, 3, 5, 18, 19, 15, 8, 13, 17, 12, 14, 16, 2, 1, 25, 24, 22]","(7.0, 406.1533681913612)"
148,382,[  7.         406.15336819],[0.00000000e+00 2.38742359e-12],[  7.         406.15336819],[  7.         406.15336819],"[9, 11, 10, 23, 21, 20, 7, 6, 4, 3, 5, 18, 19, 15, 8, 13, 17, 12, 14, 16, 2, 1, 25, 24, 22]","(7.0, 406.1533681913612)"
149,404,[  7.         406.15336819],[0.00000000e+00 2.38742359e-12],[  7.         406.15336819],[  7.         406.15336819],"[9, 11, 10, 23, 21, 20, 7, 6, 4, 3, 5, 18, 19, 15, 8, 13, 17, 12, 14, 16, 2, 1, 25, 24, 22]","(7.0, 406.1533681913612)"
150,414,[  7.         406.15336819],[0.00000000e+00 2.38742359e-12],[  7.         406.15336819],[  7.         406.15336819],"[9, 11, 10, 23, 21, 20, 7, 6, 4, 3, 5, 18, 19, 15, 8, 13, 17, 12, 14, 16, 2, 1, 25, 24, 22]","(7.0, 406.1533681913612)"
151,420,[  7.         406.15336819],[0.00000000e+00 2.38742359e-12],[  7.         406.15336819],[  7.         406.15336819],"[9, 11, 10, 23, 21, 20, 7, 6, 4, 3, 5, 18, 19, 15, 8, 13, 17, 12, 14, 16, 2, 1, 25, 24, 22]","(7.0, 406.1533681913612)"
152,396,[  7.         406.15336819],[0.00000000e+00 2.38742359e-12],[  7.         406.15336819],[  7.         406.15336819],"[9, 11, 10, 23, 21, 20, 7, 6, 4, 3, 5, 18, 19, 15, 8, 13, 17, 12, 14, 16, 2, 1, 25, 24, 22]","(7.0, 406.1533681913612)"
153,388,[  7.         406.15336819],[0.00000000e+00 2.38742359e-12],[  7.         406.15336819],[  7.         406.15336819],"[9, 11, 10, 23, 21, 20, 7, 6, 4, 3, 5, 18, 19, 15, 8, 13, 17, 12, 14, 16, 2, 1, 25, 24, 22]","(7.0, 406.1533681913612)"
154,432,[  7.         406.15336819],[0.00000000e+00 2.38742359e-12],[  7.         406.15336819],[  7.         406.15336819],"[9, 11, 10, 23, 21, 20, 7, 6, 4, 3, 5, 18, 19, 15, 8, 13, 17, 12, 14, 16, 2, 1, 25, 24, 22]","(7.0, 406.1533681913612)"
155,390,[  7.         406.15336819],[0.00000000e+00 2.38742359e-12],[  7.         406.15336819],[  7.         406.15336819],"[9, 11, 10, 23, 21, 20, 7, 6, 4, 3, 5, 18, 19, 15, 8, 13, 17, 12, 14, 16, 2, 1, 25, 24, 22]","(7.0, 406.1533681913612)"
156,400,[  7.         406.15336819],[0.00000000e+00 2.38742359e-12],[  7.         406.15336819],[  7.         406.15336819],"[9, 11, 10, 23, 21, 20, 7, 6, 4, 3, 5, 18, 19, 15, 8, 13, 17, 12, 14, 16, 2, 1, 25, 24, 22]","(7.0, 406.1533681913612)"
157,386,[  7.         406.15336819],[0.00000000e+00 2.38742359e-12],[  7.         406.15336819],[  7.         406.15336819],"[9, 11, 10, 23, 21, 20, 7, 6, 4, 3, 5, 18, 19, 15, 8, 13, 17, 12, 14, 16, 2, 1, 25, 24, 22]","(7.0, 406.1533681913612)"
158,408,[  7.         406.15336819],[0.00000000e+00 2.38742359e-12],[  7.         406.15336819],[  7.         406.15336819],"[9, 11, 10, 23, 21, 20, 7, 6, 4, 3, 5, 18, 19, 15, 8, 13, 17, 12, 14, 16, 2, 1, 25, 24, 22]","(7.0, 406.1533681913612)"
159,390,[  7.         406.15336819],[0.00000000e+00 2.38742359e-12],[  7.         406.15336819],[  7.         406.15336819],"[9, 11, 10, 23, 21, 20, 7, 6, 4, 3, 5, 18, 19, 15, 8, 13, 17, 12, 14, 16, 2, 1, 25, 24, 22]","(7.0, 406.1533681913612)"
160,396,[  7.         406.15336819],[0.00000000e+00 2.38742359e-12],[  7.         406.15336819],[  7.         406.15336819],"[9, 11, 10, 23, 21, 20, 7, 6, 4, 3, 5, 18, 19, 15, 8, 13, 17, 12, 14, 16, 2, 1, 25, 24, 22]","(7.0, 406.1533681913612)"
161,422,[  7.         406.15336819],[0.00000000e+00 2.38742359e-12],[  7.         406.15336819],[  7.         406.15336819],"[9, 11, 10, 23, 21, 20, 7, 6, 4, 3, 5, 18, 19, 15, 8, 13, 17, 12, 14, 16, 2, 1, 25, 24, 22]","(7.0, 406.1533681913612)"
162,418,[  7.         406.15336819],[0.00000000e+00 2.38742359e-12],[  7.         406.15336819],[  7.         406.15336819],"[9, 11, 10, 23, 21, 20, 7, 6, 4, 3, 5, 18, 19, 15, 8, 13, 17, 12, 14, 16, 2, 1, 25, 24, 22]","(7.0, 406.1533681913612)"
163,400,[  7.         406.15336819],[0.00000000e+00 2.38742359e-12],[  7.         406.15336819],[  7.         406.15336819],"[9, 11, 10, 23, 21, 20, 7, 6, 4, 3, 5, 18, 19, 15, 8, 13, 17, 12, 14, 16, 2, 1, 25, 24, 22]","(7.0, 406.1533681913612)"
164,400,[  7.         406.15336819],[0.00000000e+00 2.38742359e-12],[  7.         406.15336819],[  7.         406.15336819],"[9, 11, 10, 23, 21, 20, 7, 6, 4, 3, 5, 18, 19, 15, 8, 13, 17, 12, 14, 16, 2, 1, 25, 24, 22]","(7.0, 406.1533681913612)"
165,400,[  7.         406.15336819],[0.00000000e+00 2.38742359e-12],[  7.         406.15336819],[  7.         406.15336819],"[9, 11, 10, 23, 21, 20, 7, 6, 4, 3, 5, 18, 19, 15, 8, 13, 17, 12, 14, 16, 2, 1, 25, 24, 22]","(7.0, 406.1533681913612)"
166,388,[  7.         406.15336819],[0.00000000e+00 2.38742359e-12],[  7.         406.15336819],[  7.         406.15336819],"[9, 11, 10, 23, 21, 20, 7, 6, 4, 3, 5, 18, 19, 15, 8, 13, 17, 12, 14, 16, 2, 1, 25, 24, 22]","(7.0, 406.1533681913612)"
167,408,[  7.         406.15336819],[0.00000000e+00 2.38742359e-12],[  7.         406.15336819],[  7.         406.15336819],"[9, 11, 10, 23, 21, 20, 7, 6, 4, 3, 5, 18, 19, 15, 8, 13, 17, 12, 14, 16, 2, 1, 25, 24, 22]","(7.0, 406.1533681913612)"
168,426,[  7.         406.15336819],[0.00000000e+00 2.38742359e-12],[  7.         406.15336819],[  7.         406.15336819],"[9, 11, 10, 23, 21, 20, 7, 6, 4, 3, 5, 18, 19, 15, 8, 13, 17, 12, 14, 16, 2, 1, 25, 24, 22]","(7.0, 406.1533681913612)"
169,396,[  7.         406.15336819],[0.00000000e+00 2.38742359e-12],[  7.         406.15336819],[  7.         406.15336819],"[9, 11, 10, 23, 21, 20, 7, 6, 4, 3, 5, 18, 19, 15, 8, 13, 17, 12, 14, 16, 2, 1, 25, 24, 22]","(7.0, 406.1533681913612)"
170,418,[  7.         406.15336819],[0.00000000e+00 2.38742359e-12],[  7.         406.15336819],[  7.         406.15336819],"[9, 11, 10, 23, 21, 20, 7, 6, 4, 3, 5, 18, 19, 15, 8, 13, 17, 12, 14, 16, 2, 1, 25, 24, 22]","(7.0, 406.1533681913612)"
171,388,[  7.         406.15336819],[0.00000000e+00 2.38742359e-12],[  7.         406.15336819],[  7.         406.15336819],"[9, 11, 10, 23, 21, 20, 7, 6, 4, 3, 5, 18, 19, 15, 8, 13, 17, 12, 14, 16, 2, 1, 25, 24, 22]","(7.0, 406.1533681913612)"
172,412,[  7.         406.15336819],[0.00000000e+00 2.38742359e-12],[  7.         406.15336819],[  7.         406.15336819],"[9, 11, 10, 23, 21, 20, 7, 6, 4, 3, 5, 18, 19, 15, 8, 13, 17, 12, 14, 16, 2, 1, 25, 24, 22]","(7.0, 406.1533681913612)"
173,402,[  7.         406.15336819],[0.00000000e+00 2.38742359e-12],[  7.         406.15336819],[  7.         406.15336819],"[9, 11, 10, 23, 21, 20, 7, 6, 4, 3, 5, 18, 19, 15, 8, 13, 17, 12, 14, 16, 2, 1, 25, 24, 22]","(7.0, 406.1533681913612)"
174,406,[  7.         406.15336819],[0.00000000e+00 2.38742359e-12],[  7.         406.15336819],[  7.         406.15336819],"[9, 11, 10, 23, 21, 20, 7, 6, 4, 3, 5, 18, 19, 15, 8, 13, 17, 12, 14, 16, 2, 1, 25, 24, 22]","(7.0, 406.1533681913612)"
175,390,[  7.         406.15336819],[0.00000000e+00 2.38742359e-12],[  7.         406.15336819],[  7.         406.15336819],"[9, 11, 10, 23, 21, 20, 7, 6, 4, 3, 5, 18, 19, 15, 8, 13, 17, 12, 14, 16, 2, 1, 25, 24, 22]","(7.0, 406.1533681913612)"
176,384,[  7.         406.15336819],[0.00000000e+00 2.38742359e-12],[  7.         406.15336819],[  7.         406.15336819],"[9, 11, 10, 23, 21, 20, 7, 6, 4, 3, 5, 18, 19, 15, 8, 13, 17, 12, 14, 16, 2, 1, 25, 24, 22]","(7.0, 406.1533681913612)"
177,394,[  7.         406.15336819],[0.00000000e+00 2.38742359e-12],[  7.         406.15336819],[  7.         406.15336819],"[9, 11, 10, 23, 21, 20, 7, 6, 4, 3, 5, 18, 19, 15, 8, 13, 17, 12, 14, 16, 2, 1, 25, 24, 22]","(7.0, 406.1533681913612)"
178,408,[  7.         406.15336819],[0.00000000e+00 2.38742359e-12],[  7.         406.15336819],[  7.         406.15336819],"[9, 11, 10, 23, 21, 20, 7, 6, 4, 3, 5, 18, 19, 15, 8, 13, 17, 12, 14, 16, 2, 1, 25, 24, 22]","(7.0, 406.1533681913612)"
179,394,[  7.         406.15336819],[0.00000000e+00 2.38742359e-12],[  7.         406.15336819],[  7.         406.15336819],"[9, 11, 10, 23, 21, 20, 7, 6, 4, 3, 5, 18, 19, 15, 8, 13, 17, 12, 14, 16, 2, 1, 25, 24, 22]","(7.0, 406.1533681913612)"
180,402,[  7.         406.15336819],[0.00000000e+00 2.38742359e-12],[  7.         406.15336819],[  7.         406.15336819],"[9, 11, 10, 23, 21, 20, 7, 6, 4, 3, 5, 18, 19, 15, 8, 13, 17, 12, 14, 16, 2, 1, 25, 24, 22]","(7.0, 406.1533681913612)"
181,418,[  7.         406.15336819],[0.00000000e+00 2.38742359e-12],[  7.         406.15336819],[  7.         406.15336819],"[9, 11, 10, 23, 21, 20, 7, 6, 4, 3, 5, 18, 19, 15, 8, 13, 17, 12, 14, 16, 2, 1, 25, 24, 22]","(7.0, 406.1533681913612)"
182,404,[  7.         406.15336819],[0.00000000e+00 2.38742359e-12],[  7.         406.15336819],[  7.         406.15336819],"[9, 11, 10, 23, 21, 20, 7, 6, 4, 3, 5, 18, 19, 15, 8, 13, 17, 12, 14, 16, 2, 1, 25, 24, 22]","(7.0, 406.1533681913612)"
183,408,[  7.         406.15336819],[0.00000000e+00 2.38742359e-12],[  7.         406.15336819],[  7.         406.15336819],"[9, 11, 10, 23, 21, 20, 7, 6, 4, 3, 5, 18, 19, 15, 8, 13, 17, 12, 14, 16, 2, 1, 25, 24, 22]","(7.0, 406.1533681913612)"
184,408,[  7.         406.15336819],[0.00000000e+00 2.38742359e-12],[  7.         406.15336819],[  7.         406.15336819],"[9, 11, 10, 23, 21, 20, 7, 6, 4, 3, 5, 18, 19, 15, 8, 13, 17, 12, 14, 16, 2, 1, 25, 24, 22]","(7.0, 406.1533681913612)"
185,426,[  7.         406.15336819],[0.00000000e+00 2.38742359e-12],[  7.         406.15336819],[  7.         406.15336819],"[9, 11, 10, 23, 21, 20, 7, 6, 4, 3, 5, 18, 19, 15, 8, 13, 17, 12, 14, 16, 2, 1, 25, 24, 22]","(7.0, 406.1533681913612)"
186,384,[  7.         406.15336819],[0.00000000e+00 2.38742359e-12],[  7.         406.15336819],[  7.         406.15336819],"[9, 11, 10, 23, 21, 20, 7, 6, 4, 3, 5, 18, 19, 15, 8, 13, 17, 12, 14, 16, 2, 1, 25, 24, 22]","(7.0, 406.1533681913612)"
187,402,[  7.         406.15336819],[0.00000000e+00 2.38742359e-12],[  7.         406.15336819],[  7.         406.15336819],"[9, 11, 10, 23, 21, 20, 7, 6, 4, 3, 5, 18, 19, 15, 8, 13, 17, 12, 14, 16, 2, 1, 25, 24, 22]","(7.0, 406.1533681913612)"
188,398,[  7.         406.15336819],[0.00000000e+00 2.38742359e-12],[  7.         406.15336819],[  7.         406.15336819],"[9, 11, 10, 23, 21, 20, 7, 6, 4, 3, 5, 18, 19, 15, 8, 13, 17, 12, 14, 16, 2, 1, 25, 24, 22]","(7.0, 406.1533681913612)"
189,414,[  7.         406.15336819],[0.00000000e+00 2.38742359e-12],[  7.         406.15336819],[  7.         406.15336819],"[9, 11, 10, 23, 21, 20, 7, 6, 4, 3, 5, 18, 19, 15, 8, 13, 17, 12, 14, 16, 2, 1, 25, 24, 22]","(7.0, 406.1533681913612)"
190,400,[  7.         406.15336819],[0.00000000e+00 2.38742359e-12],[  7.         406.15336819],[  7.         406.15336819],"[9, 11, 10, 23, 21, 20, 7, 6, 4, 3, 5, 18, 19, 15, 8, 13, 17, 12, 14, 16, 2, 1, 25, 24, 22]","(7.0, 406.1533681913612)"
191,394,[  7.         406.15336819],[0.00000000e+00 2.38742359e-12],[  7.         406.15336819],[  7.         406.15336819],"[9, 11, 10, 23, 21, 20, 7, 6, 4, 3, 5, 18, 19, 15, 8, 13, 17, 12, 14, 16, 2, 1, 25, 24, 22]","(7.0, 406.1533681913612)"
192,428,[  7.         406.15336819],[0.00000000e+00 2.38742359e-12],[  7.         406.15336819],[  7.         406.15336819],"[9, 11, 10, 23, 21, 20, 7, 6, 4, 3, 5, 18, 19, 15, 8, 13, 17, 12, 14, 16, 2, 1, 25, 24, 22]","(7.0, 406.1533681913612)"
193,402,[  7.         406.15336819],[0.00000000e+00 2.38742359e-12],[  7.         406.15336819],[  7.         406.15336819],"[9, 11, 10, 23, 21, 20, 7, 6, 4, 3, 5, 18, 19, 15, 8, 13, 17, 12, 14, 16, 2, 1, 25, 24, 22]","(7.0, 406.1533681913612)"
194,402,[  7.         406.15336819],[0.00000000e+00 2.38742359e-12],[  7.         406.15336819],[  7.         406.15336819],"[9, 11, 10, 23, 21, 20, 7, 6, 4, 3, 5, 18, 19, 15, 8, 13, 17, 12, 14, 16, 2, 1, 25, 24, 22]","(7.0, 406.1533681913612)"
195,398,[  7.         406.15336819],[0.00000000e+00 2.38742359e-12],[  7.         406.15336819],[  7.         406.15336819],"[9, 11, 10, 23, 21, 20, 7, 6, 4, 3, 5, 18, 19, 15, 8, 13, 17, 12, 14, 16, 2, 1, 25, 24, 22]","(7.0, 406.1533681913612)"
196,408,[  7.         406.15336819],[0.00000000e+00 2.38742359e-12],[  7.         406.15336819],[  7.         406.15336819],"[9, 11, 10, 23, 21, 20, 7, 6, 4, 3, 5, 18, 19, 15, 8, 13, 17, 12, 14, 16, 2, 1, 25, 24, 22]","(7.0, 406.1533681913612)"
197,382,[  7.         406.15336819],[0.00000000e+00 2.38742359e-12],[  7.         406.15336819],[  7.         406.15336819],"[9, 11, 10, 23, 21, 20, 7, 6, 4, 3, 5, 18, 19, 15, 8, 13, 17, 12, 14, 16, 2, 1, 25, 24, 22]","(7.0, 406.1533681913612)"
198,392,[  7.         406.15336819],[0.00000000e+00 2.38742359e-12],[  7.         406.15336819],[  7.         406.15336819],"[9, 11, 10, 23, 21, 20, 7, 6, 4, 3, 5, 18, 19, 15, 8, 13, 17, 12, 14, 16, 2, 1, 25, 24, 22]","(7.0, 406.1533681913612)"
199,386,[  7.         406.15336819],[0.00000000e+00 2.38742359e-12],[  7.         406.15336819],[  7.         406.15336819],"[9, 11, 10, 23, 21, 20, 7, 6, 4, 3, 5, 18, 19, 15, 8, 13, 17, 12, 14, 16, 2, 1, 25, 24, 22]","(7.0, 406.1533681913612)"
200,406,[  7.         406.15336819],[0.00000000e+00 2.38742359e-12],[  7.         406.15336819],[  7.         406.15336819],"[9, 11, 10, 23, 21, 20, 7, 6, 4, 3, 5, 18, 19, 15, 8, 13, 17, 12, 14, 16, 2, 1, 25, 24, 22]","(7.0, 406.1533681913612)"
